model,dataset,layers,step,perplexity,log_file
alibi,babylm_100m,2-layer,168820736,161.977,alibi_2_4_256_babylm_100m.log
alibi,babylm_100m,2-layer,337641472,41.023,alibi_2_4_256_babylm_100m.log
alibi,babylm_100m,2-layer,506462208,35.146,alibi_2_4_256_babylm_100m.log
alibi,babylm_100m,2-layer,675282944,32.596,alibi_2_4_256_babylm_100m.log
alibi,babylm_100m,2-layer,844103680,31.046,alibi_2_4_256_babylm_100m.log
alibi,babylm_100m,2-layer,1012924416,29.883,alibi_2_4_256_babylm_100m.log
alibi,babylm_100m,2-layer,1181745152,28.953,alibi_2_4_256_babylm_100m.log
alibi,babylm_100m,2-layer,1350565888,28.23,alibi_2_4_256_babylm_100m.log
alibi,babylm_100m,2-layer,1519386624,27.705,alibi_2_4_256_babylm_100m.log
alibi,babylm_100m,2-layer,1688207360,27.447,alibi_2_4_256_babylm_100m.log
alibi,babylm_10m,2-layer,16777216,1461.67,alibi_2_4_256_babylm_10m.log
alibi,babylm_10m,2-layer,33554432,126.916,alibi_2_4_256_babylm_10m.log
alibi,babylm_10m,2-layer,50331648,75.185,alibi_2_4_256_babylm_10m.log
alibi,babylm_10m,2-layer,67108864,58.642,alibi_2_4_256_babylm_10m.log
alibi,babylm_10m,2-layer,83886080,50.641,alibi_2_4_256_babylm_10m.log
alibi,babylm_10m,2-layer,100663296,45.966,alibi_2_4_256_babylm_10m.log
alibi,babylm_10m,2-layer,117440512,43.023,alibi_2_4_256_babylm_10m.log
alibi,babylm_10m,2-layer,134217728,41.321,alibi_2_4_256_babylm_10m.log
alibi,babylm_10m,2-layer,150994944,40.446,alibi_2_4_256_babylm_10m.log
alibi,babylm_10m,2-layer,167772160,40.135,alibi_2_4_256_babylm_10m.log
alibi,pile,2-layer,167772160,2529.057,alibi_2_4_256_pile.log
alibi,pile,2-layer,335544320,624.285,alibi_2_4_256_pile.log
alibi,pile,2-layer,503316480,407.632,alibi_2_4_256_pile.log
alibi,pile,2-layer,671088640,328.714,alibi_2_4_256_pile.log
alibi,pile,2-layer,838860800,282.362,alibi_2_4_256_pile.log
alibi,pile,2-layer,1006632960,255.584,alibi_2_4_256_pile.log
alibi,pile,2-layer,1174405120,236.418,alibi_2_4_256_pile.log
alibi,pile,2-layer,1342177280,225.496,alibi_2_4_256_pile.log
alibi,pile,2-layer,1509949440,220.674,alibi_2_4_256_pile.log
alibi,pile,2-layer,1677721600,218.753,alibi_2_4_256_pile.log
alibi,babylm_100m,4-layer,168820736,108.872,alibi_4_6_384_babylm_100m.log
alibi,babylm_100m,4-layer,337641472,26.088,alibi_4_6_384_babylm_100m.log
alibi,babylm_100m,4-layer,506462208,20.045,alibi_4_6_384_babylm_100m.log
alibi,babylm_100m,4-layer,675282944,17.454,alibi_4_6_384_babylm_100m.log
alibi,babylm_100m,4-layer,844103680,15.839,alibi_4_6_384_babylm_100m.log
alibi,babylm_100m,4-layer,1012924416,14.844,alibi_4_6_384_babylm_100m.log
alibi,babylm_100m,4-layer,1181745152,14.202,alibi_4_6_384_babylm_100m.log
alibi,babylm_100m,4-layer,1350565888,13.78,alibi_4_6_384_babylm_100m.log
alibi,babylm_100m,4-layer,1519386624,13.519,alibi_4_6_384_babylm_100m.log
alibi,babylm_100m,4-layer,1688207360,13.389,alibi_4_6_384_babylm_100m.log
alibi,babylm_10m,4-layer,16777216,831.134,alibi_4_6_384_babylm_10m.log
alibi,babylm_10m,4-layer,33554432,101.402,alibi_4_6_384_babylm_10m.log
alibi,babylm_10m,4-layer,50331648,58.788,alibi_4_6_384_babylm_10m.log
alibi,babylm_10m,4-layer,67108864,44.05,alibi_4_6_384_babylm_10m.log
alibi,babylm_10m,4-layer,83886080,36.657,alibi_4_6_384_babylm_10m.log
alibi,babylm_10m,4-layer,100663296,32.323,alibi_4_6_384_babylm_10m.log
alibi,babylm_10m,4-layer,117440512,29.655,alibi_4_6_384_babylm_10m.log
alibi,babylm_10m,4-layer,134217728,28.073,alibi_4_6_384_babylm_10m.log
alibi,babylm_10m,4-layer,150994944,27.246,alibi_4_6_384_babylm_10m.log
alibi,babylm_10m,4-layer,167772160,26.931,alibi_4_6_384_babylm_10m.log
alibi,pile,4-layer,167772160,1508.599,alibi_4_6_384_pile.log
alibi,pile,4-layer,335544320,265.974,alibi_4_6_384_pile.log
alibi,pile,4-layer,503316480,152.944,alibi_4_6_384_pile.log
alibi,pile,4-layer,671088640,112.517,alibi_4_6_384_pile.log
alibi,pile,4-layer,838860800,89.266,alibi_4_6_384_pile.log
alibi,pile,4-layer,1006632960,72.008,alibi_4_6_384_pile.log
alibi,pile,4-layer,1174405120,61.256,alibi_4_6_384_pile.log
alibi,pile,4-layer,1342177280,56.746,alibi_4_6_384_pile.log
alibi,pile,4-layer,1509949440,54.504,alibi_4_6_384_pile.log
alibi,pile,4-layer,1677721600,53.578,alibi_4_6_384_pile.log
dynamic_alibi,babylm_100m,2-layer,168820736,161.624,dynamic_alibi_2_4_256_babylm_100m.log
dynamic_alibi,babylm_100m,2-layer,337641472,40.555,dynamic_alibi_2_4_256_babylm_100m.log
dynamic_alibi,babylm_100m,2-layer,506462208,34.223,dynamic_alibi_2_4_256_babylm_100m.log
dynamic_alibi,babylm_100m,2-layer,675282944,31.231,dynamic_alibi_2_4_256_babylm_100m.log
dynamic_alibi,babylm_100m,2-layer,844103680,29.278,dynamic_alibi_2_4_256_babylm_100m.log
dynamic_alibi,babylm_100m,2-layer,1012924416,27.898,dynamic_alibi_2_4_256_babylm_100m.log
dynamic_alibi,babylm_100m,2-layer,1181745152,26.847,dynamic_alibi_2_4_256_babylm_100m.log
dynamic_alibi,babylm_100m,2-layer,1350565888,26.137,dynamic_alibi_2_4_256_babylm_100m.log
dynamic_alibi,babylm_100m,2-layer,1519386624,25.691,dynamic_alibi_2_4_256_babylm_100m.log
dynamic_alibi,babylm_100m,2-layer,1688207360,25.507,dynamic_alibi_2_4_256_babylm_100m.log
dynamic_alibi,babylm_10m,2-layer,16777216,1461.992,dynamic_alibi_2_4_256_babylm_10m.log
dynamic_alibi,babylm_10m,2-layer,33554432,126.482,dynamic_alibi_2_4_256_babylm_10m.log
dynamic_alibi,babylm_10m,2-layer,50331648,74.377,dynamic_alibi_2_4_256_babylm_10m.log
dynamic_alibi,babylm_10m,2-layer,67108864,57.419,dynamic_alibi_2_4_256_babylm_10m.log
dynamic_alibi,babylm_10m,2-layer,83886080,49.161,dynamic_alibi_2_4_256_babylm_10m.log
dynamic_alibi,babylm_10m,2-layer,100663296,44.429,dynamic_alibi_2_4_256_babylm_10m.log
dynamic_alibi,babylm_10m,2-layer,117440512,41.393,dynamic_alibi_2_4_256_babylm_10m.log
dynamic_alibi,babylm_10m,2-layer,134217728,39.662,dynamic_alibi_2_4_256_babylm_10m.log
dynamic_alibi,babylm_10m,2-layer,150994944,38.774,dynamic_alibi_2_4_256_babylm_10m.log
dynamic_alibi,babylm_10m,2-layer,167772160,38.457,dynamic_alibi_2_4_256_babylm_10m.log
dynamic_alibi,pile,2-layer,167772160,2528.849,dynamic_alibi_2_4_256_pile.log
dynamic_alibi,pile,2-layer,335544320,621.966,dynamic_alibi_2_4_256_pile.log
dynamic_alibi,pile,2-layer,503316480,406.039,dynamic_alibi_2_4_256_pile.log
dynamic_alibi,pile,2-layer,671088640,327.78,dynamic_alibi_2_4_256_pile.log
dynamic_alibi,pile,2-layer,838860800,281.261,dynamic_alibi_2_4_256_pile.log
dynamic_alibi,pile,2-layer,1006632960,254.548,dynamic_alibi_2_4_256_pile.log
dynamic_alibi,pile,2-layer,1174405120,235.48,dynamic_alibi_2_4_256_pile.log
dynamic_alibi,pile,2-layer,1342177280,224.715,dynamic_alibi_2_4_256_pile.log
dynamic_alibi,pile,2-layer,1509949440,219.969,dynamic_alibi_2_4_256_pile.log
dynamic_alibi,pile,2-layer,1677721600,218.068,dynamic_alibi_2_4_256_pile.log
dynamic_alibi,babylm_100m,4-layer,168820736,108.872,dynamic_alibi_4_6_384_babylm_100m.log
dynamic_alibi,babylm_100m,4-layer,337641472,26.302,dynamic_alibi_4_6_384_babylm_100m.log
dynamic_alibi,babylm_100m,4-layer,506462208,20.416,dynamic_alibi_4_6_384_babylm_100m.log
dynamic_alibi,babylm_100m,4-layer,675282944,18.147,dynamic_alibi_4_6_384_babylm_100m.log
dynamic_alibi,babylm_100m,4-layer,844103680,17.049,dynamic_alibi_4_6_384_babylm_100m.log
dynamic_alibi,babylm_100m,4-layer,1012924416,16.534,dynamic_alibi_4_6_384_babylm_100m.log
dynamic_alibi,babylm_100m,4-layer,1181745152,16.26,dynamic_alibi_4_6_384_babylm_100m.log
dynamic_alibi,babylm_100m,4-layer,1350565888,16.167,dynamic_alibi_4_6_384_babylm_100m.log
dynamic_alibi,babylm_100m,4-layer,1519386624,16.266,dynamic_alibi_4_6_384_babylm_100m.log
dynamic_alibi,babylm_100m,4-layer,1688207360,16.617,dynamic_alibi_4_6_384_babylm_100m.log
dynamic_alibi,babylm_10m,4-layer,16777216,831.182,dynamic_alibi_4_6_384_babylm_10m.log
dynamic_alibi,babylm_10m,4-layer,33554432,104.2,dynamic_alibi_4_6_384_babylm_10m.log
dynamic_alibi,babylm_10m,4-layer,50331648,61.292,dynamic_alibi_4_6_384_babylm_10m.log
dynamic_alibi,babylm_10m,4-layer,67108864,47.936,dynamic_alibi_4_6_384_babylm_10m.log
dynamic_alibi,babylm_10m,4-layer,83886080,40.964,dynamic_alibi_4_6_384_babylm_10m.log
dynamic_alibi,babylm_10m,4-layer,100663296,36.985,dynamic_alibi_4_6_384_babylm_10m.log
dynamic_alibi,babylm_10m,4-layer,117440512,35.359,dynamic_alibi_4_6_384_babylm_10m.log
dynamic_alibi,babylm_10m,4-layer,134217728,34.34,dynamic_alibi_4_6_384_babylm_10m.log
dynamic_alibi,babylm_10m,4-layer,150994944,34.149,dynamic_alibi_4_6_384_babylm_10m.log
dynamic_alibi,babylm_10m,4-layer,167772160,34.439,dynamic_alibi_4_6_384_babylm_10m.log
dynamic_alibi,pile,4-layer,167772160,1509.006,dynamic_alibi_4_6_384_pile.log
dynamic_alibi,pile,4-layer,335544320,269.108,dynamic_alibi_4_6_384_pile.log
dynamic_alibi,pile,4-layer,503316480,154.047,dynamic_alibi_4_6_384_pile.log
dynamic_alibi,pile,4-layer,671088640,113.328,dynamic_alibi_4_6_384_pile.log
dynamic_alibi,pile,4-layer,838860800,90.173,dynamic_alibi_4_6_384_pile.log
dynamic_alibi,pile,4-layer,1006632960,72.912,dynamic_alibi_4_6_384_pile.log
dynamic_alibi,pile,4-layer,1174405120,61.738,dynamic_alibi_4_6_384_pile.log
dynamic_alibi,pile,4-layer,1342177280,56.442,dynamic_alibi_4_6_384_pile.log
dynamic_alibi,pile,4-layer,1509949440,54.082,dynamic_alibi_4_6_384_pile.log
dynamic_alibi,pile,4-layer,1677721600,53.209,dynamic_alibi_4_6_384_pile.log
forgetting_gate,babylm_100m,2-layer,168820736,142.211,forgetting_gate_2_4_256_babylm_100m.log
forgetting_gate,babylm_100m,2-layer,337641472,29.263,forgetting_gate_2_4_256_babylm_100m.log
forgetting_gate,babylm_100m,2-layer,506462208,22.702,forgetting_gate_2_4_256_babylm_100m.log
forgetting_gate,babylm_100m,2-layer,675282944,19.992,forgetting_gate_2_4_256_babylm_100m.log
forgetting_gate,babylm_100m,2-layer,844103680,18.436,forgetting_gate_2_4_256_babylm_100m.log
forgetting_gate,babylm_100m,2-layer,1012924416,17.466,forgetting_gate_2_4_256_babylm_100m.log
forgetting_gate,babylm_100m,2-layer,1181745152,16.842,forgetting_gate_2_4_256_babylm_100m.log
forgetting_gate,babylm_100m,2-layer,1350565888,16.441,forgetting_gate_2_4_256_babylm_100m.log
forgetting_gate,babylm_100m,2-layer,1519386624,16.203,forgetting_gate_2_4_256_babylm_100m.log
forgetting_gate,babylm_100m,2-layer,1688207360,16.091,forgetting_gate_2_4_256_babylm_100m.log
forgetting_gate,babylm_10m,2-layer,16777216,1331.147,forgetting_gate_2_4_256_babylm_10m.log
forgetting_gate,babylm_10m,2-layer,33554432,102.953,forgetting_gate_2_4_256_babylm_10m.log
forgetting_gate,babylm_10m,2-layer,50331648,59.67,forgetting_gate_2_4_256_babylm_10m.log
forgetting_gate,babylm_10m,2-layer,67108864,44.926,forgetting_gate_2_4_256_babylm_10m.log
forgetting_gate,babylm_10m,2-layer,83886080,37.474,forgetting_gate_2_4_256_babylm_10m.log
forgetting_gate,babylm_10m,2-layer,100663296,33.13,forgetting_gate_2_4_256_babylm_10m.log
forgetting_gate,babylm_10m,2-layer,117440512,30.669,forgetting_gate_2_4_256_babylm_10m.log
forgetting_gate,babylm_10m,2-layer,134217728,29.306,forgetting_gate_2_4_256_babylm_10m.log
forgetting_gate,babylm_10m,2-layer,150994944,28.622,forgetting_gate_2_4_256_babylm_10m.log
forgetting_gate,babylm_10m,2-layer,167772160,28.374,forgetting_gate_2_4_256_babylm_10m.log
forgetting_gate,pile,2-layer,167772160,1871.879,forgetting_gate_2_4_256_pile.log
forgetting_gate,pile,2-layer,335544320,297.124,forgetting_gate_2_4_256_pile.log
forgetting_gate,pile,2-layer,503316480,163.128,forgetting_gate_2_4_256_pile.log
forgetting_gate,pile,2-layer,671088640,119.282,forgetting_gate_2_4_256_pile.log
forgetting_gate,pile,2-layer,838860800,93.729,forgetting_gate_2_4_256_pile.log
forgetting_gate,pile,2-layer,1006632960,77.081,forgetting_gate_2_4_256_pile.log
forgetting_gate,pile,2-layer,1174405120,67.192,forgetting_gate_2_4_256_pile.log
forgetting_gate,pile,2-layer,1342177280,62.511,forgetting_gate_2_4_256_pile.log
forgetting_gate,pile,2-layer,1509949440,60.492,forgetting_gate_2_4_256_pile.log
forgetting_gate,pile,2-layer,1677721600,59.842,forgetting_gate_2_4_256_pile.log
forgetting_gate,babylm_100m,4-layer,168820736,100.4,forgetting_gate_4_6_384_babylm_100m.log
forgetting_gate,babylm_100m,4-layer,337641472,24.909,forgetting_gate_4_6_384_babylm_100m.log
forgetting_gate,babylm_100m,4-layer,506462208,18.658,forgetting_gate_4_6_384_babylm_100m.log
forgetting_gate,babylm_100m,4-layer,675282944,15.979,forgetting_gate_4_6_384_babylm_100m.log
forgetting_gate,babylm_100m,4-layer,844103680,14.651,forgetting_gate_4_6_384_babylm_100m.log
forgetting_gate,babylm_100m,4-layer,1012924416,13.868,forgetting_gate_4_6_384_babylm_100m.log
forgetting_gate,babylm_100m,4-layer,1181745152,13.346,forgetting_gate_4_6_384_babylm_100m.log
forgetting_gate,babylm_100m,4-layer,1350565888,12.987,forgetting_gate_4_6_384_babylm_100m.log
forgetting_gate,babylm_100m,4-layer,1519386624,12.756,forgetting_gate_4_6_384_babylm_100m.log
forgetting_gate,babylm_100m,4-layer,1688207360,12.636,forgetting_gate_4_6_384_babylm_100m.log
forgetting_gate,babylm_10m,4-layer,16777216,614.535,forgetting_gate_4_6_384_babylm_10m.log
forgetting_gate,babylm_10m,4-layer,33554432,76.476,forgetting_gate_4_6_384_babylm_10m.log
forgetting_gate,babylm_10m,4-layer,50331648,47.685,forgetting_gate_4_6_384_babylm_10m.log
forgetting_gate,babylm_10m,4-layer,67108864,36.398,forgetting_gate_4_6_384_babylm_10m.log
forgetting_gate,babylm_10m,4-layer,83886080,30.367,forgetting_gate_4_6_384_babylm_10m.log
forgetting_gate,babylm_10m,4-layer,100663296,26.954,forgetting_gate_4_6_384_babylm_10m.log
forgetting_gate,babylm_10m,4-layer,117440512,24.89,forgetting_gate_4_6_384_babylm_10m.log
forgetting_gate,babylm_10m,4-layer,134217728,23.658,forgetting_gate_4_6_384_babylm_10m.log
forgetting_gate,babylm_10m,4-layer,150994944,22.995,forgetting_gate_4_6_384_babylm_10m.log
forgetting_gate,babylm_10m,4-layer,167772160,22.733,forgetting_gate_4_6_384_babylm_10m.log
forgetting_gate,pile,4-layer,167772160,1289.118,forgetting_gate_4_6_384_pile.log
forgetting_gate,pile,4-layer,335544320,211.688,forgetting_gate_4_6_384_pile.log
forgetting_gate,pile,4-layer,503316480,114.277,forgetting_gate_4_6_384_pile.log
forgetting_gate,pile,4-layer,671088640,71.102,forgetting_gate_4_6_384_pile.log
forgetting_gate,pile,4-layer,838860800,52.775,forgetting_gate_4_6_384_pile.log
forgetting_gate,pile,4-layer,1006632960,45.94,forgetting_gate_4_6_384_pile.log
forgetting_gate,pile,4-layer,1174405120,42.167,forgetting_gate_4_6_384_pile.log
forgetting_gate,pile,4-layer,1342177280,40.195,forgetting_gate_4_6_384_pile.log
forgetting_gate,pile,4-layer,1509949440,39.312,forgetting_gate_4_6_384_pile.log
forgetting_gate,pile,4-layer,1677721600,38.957,forgetting_gate_4_6_384_pile.log
fox,pile,2-layer,104857600,3728.024,fox_2_4_256_pile.log
fox,pile,2-layer,209715200,567.333,fox_2_4_256_pile.log
fox,pile,2-layer,314572800,277.982,fox_2_4_256_pile.log
fox,pile,2-layer,419430400,186.871,fox_2_4_256_pile.log
fox,pile,2-layer,524288000,143.364,fox_2_4_256_pile.log
fox,pile,2-layer,629145600,119.177,fox_2_4_256_pile.log
fox,pile,2-layer,734003200,100.286,fox_2_4_256_pile.log
fox,pile,2-layer,838860800,84.724,fox_2_4_256_pile.log
fox,pile,2-layer,943718400,73.679,fox_2_4_256_pile.log
fox,pile,2-layer,1048576000,66.243,fox_2_4_256_pile.log
fox,pile,2-layer,1153433600,61.155,fox_2_4_256_pile.log
fox,pile,2-layer,1258291200,58.087,fox_2_4_256_pile.log
fox,pile,2-layer,1363148800,55.285,fox_2_4_256_pile.log
fox,pile,2-layer,1468006400,53.657,fox_2_4_256_pile.log
fox,pile,2-layer,1572864000,52.464,fox_2_4_256_pile.log
fox,pile,2-layer,1677721600,51.744,fox_2_4_256_pile.log
fox,pile,2-layer,1782579200,50.716,fox_2_4_256_pile.log
fox,pile,2-layer,1887436800,50.307,fox_2_4_256_pile.log
fox,pile,2-layer,1992294400,50.294,fox_2_4_256_pile.log
fox,pile,2-layer,2097152000,50.72,fox_2_4_256_pile.log
geometric,babylm_100m,2-layer,168820736,588.013,geometric_2_4_256_babylm_100m.log
geometric,babylm_100m,2-layer,337641472,366.004,geometric_2_4_256_babylm_100m.log
geometric,babylm_100m,2-layer,506462208,366.004,geometric_2_4_256_babylm_100m.log
geometric,babylm_100m,2-layer,675282944,366.004,geometric_2_4_256_babylm_100m.log
geometric,babylm_100m,2-layer,844103680,366.004,geometric_2_4_256_babylm_100m.log
geometric,babylm_100m,2-layer,1012924416,366.004,geometric_2_4_256_babylm_100m.log
geometric,babylm_100m,2-layer,1181745152,366.004,geometric_2_4_256_babylm_100m.log
geometric,babylm_100m,2-layer,1350565888,366.004,geometric_2_4_256_babylm_100m.log
geometric,babylm_100m,2-layer,1519386624,366.004,geometric_2_4_256_babylm_100m.log
geometric,babylm_100m,2-layer,1688207360,366.004,geometric_2_4_256_babylm_100m.log
geometric,babylm_10m,2-layer,16777216,1826.987,geometric_2_4_256_babylm_10m.log
geometric,babylm_10m,2-layer,33554432,339.953,geometric_2_4_256_babylm_10m.log
geometric,babylm_10m,2-layer,50331648,339.953,geometric_2_4_256_babylm_10m.log
geometric,babylm_10m,2-layer,67108864,339.953,geometric_2_4_256_babylm_10m.log
geometric,babylm_10m,2-layer,83886080,339.953,geometric_2_4_256_babylm_10m.log
geometric,babylm_10m,2-layer,100663296,339.953,geometric_2_4_256_babylm_10m.log
geometric,babylm_10m,2-layer,117440512,339.953,geometric_2_4_256_babylm_10m.log
geometric,babylm_10m,2-layer,134217728,339.953,geometric_2_4_256_babylm_10m.log
geometric,babylm_10m,2-layer,150994944,339.953,geometric_2_4_256_babylm_10m.log
geometric,babylm_10m,2-layer,167772160,339.953,geometric_2_4_256_babylm_10m.log
geometric,pile,2-layer,167772160,5565.414,geometric_2_4_256_pile.log
geometric,pile,2-layer,335544320,4119.752,geometric_2_4_256_pile.log
geometric,pile,2-layer,503316480,4121.609,geometric_2_4_256_pile.log
geometric,pile,2-layer,671088640,4120.867,geometric_2_4_256_pile.log
geometric,pile,2-layer,838860800,4117.128,geometric_2_4_256_pile.log
geometric,pile,2-layer,1006632960,4111.342,geometric_2_4_256_pile.log
geometric,pile,2-layer,1174405120,4112.135,geometric_2_4_256_pile.log
geometric,pile,2-layer,1342177280,4113.347,geometric_2_4_256_pile.log
geometric,pile,2-layer,1509949440,4110.722,geometric_2_4_256_pile.log
geometric,pile,2-layer,1677721600,4117.883,geometric_2_4_256_pile.log
geometric,babylm_100m,4-layer,168820736,1580.364,geometric_4_6_384_babylm_100m.log
geometric,babylm_100m,4-layer,337641472,1277.05,geometric_4_6_384_babylm_100m.log
geometric,babylm_100m,4-layer,506462208,1277.05,geometric_4_6_384_babylm_100m.log
geometric,babylm_100m,4-layer,675282944,1277.05,geometric_4_6_384_babylm_100m.log
geometric,babylm_100m,4-layer,844103680,1277.05,geometric_4_6_384_babylm_100m.log
geometric,babylm_100m,4-layer,1012924416,1277.05,geometric_4_6_384_babylm_100m.log
geometric,babylm_100m,4-layer,1181745152,1277.05,geometric_4_6_384_babylm_100m.log
geometric,babylm_100m,4-layer,1350565888,1277.05,geometric_4_6_384_babylm_100m.log
geometric,babylm_100m,4-layer,1519386624,1277.05,geometric_4_6_384_babylm_100m.log
geometric,babylm_100m,4-layer,1688207360,1277.05,geometric_4_6_384_babylm_100m.log
geometric,babylm_10m,4-layer,16777216,2918.444,geometric_4_6_384_babylm_10m.log
geometric,babylm_10m,4-layer,33554432,1650.02,geometric_4_6_384_babylm_10m.log
geometric,babylm_10m,4-layer,50331648,1650.02,geometric_4_6_384_babylm_10m.log
geometric,babylm_10m,4-layer,67108864,1650.02,geometric_4_6_384_babylm_10m.log
geometric,babylm_10m,4-layer,83886080,1650.02,geometric_4_6_384_babylm_10m.log
geometric,babylm_10m,4-layer,100663296,1650.02,geometric_4_6_384_babylm_10m.log
geometric,babylm_10m,4-layer,117440512,1650.02,geometric_4_6_384_babylm_10m.log
geometric,babylm_10m,4-layer,134217728,1650.02,geometric_4_6_384_babylm_10m.log
geometric,babylm_10m,4-layer,150994944,1650.02,geometric_4_6_384_babylm_10m.log
geometric,babylm_10m,4-layer,167772160,1650.02,geometric_4_6_384_babylm_10m.log
geometric,pile,4-layer,167772160,5297.399,geometric_4_6_384_pile.log
geometric,pile,4-layer,335544320,4254.128,geometric_4_6_384_pile.log
geometric,pile,4-layer,503316480,4256.846,geometric_4_6_384_pile.log
geometric,pile,4-layer,671088640,4255.191,geometric_4_6_384_pile.log
geometric,pile,4-layer,838860800,4253.384,geometric_4_6_384_pile.log
geometric,pile,4-layer,1006632960,4245.94,geometric_4_6_384_pile.log
geometric,pile,4-layer,1174405120,4247.671,geometric_4_6_384_pile.log
geometric,pile,4-layer,1342177280,4248.115,geometric_4_6_384_pile.log
geometric,pile,4-layer,1509949440,4245.647,geometric_4_6_384_pile.log
geometric,pile,4-layer,1677721600,4251.328,geometric_4_6_384_pile.log
hard_2gram,babylm_100m,2-layer,168820736,397.822,hard_2gram_2_4_256_babylm_100m.log
hard_2gram,babylm_100m,2-layer,337641472,176.656,hard_2gram_2_4_256_babylm_100m.log
hard_2gram,babylm_100m,2-layer,506462208,166.442,hard_2gram_2_4_256_babylm_100m.log
hard_2gram,babylm_100m,2-layer,675282944,161.955,hard_2gram_2_4_256_babylm_100m.log
hard_2gram,babylm_100m,2-layer,844103680,159.299,hard_2gram_2_4_256_babylm_100m.log
hard_2gram,babylm_100m,2-layer,1012924416,157.486,hard_2gram_2_4_256_babylm_100m.log
hard_2gram,babylm_100m,2-layer,1181745152,156.192,hard_2gram_2_4_256_babylm_100m.log
hard_2gram,babylm_100m,2-layer,1350565888,155.259,hard_2gram_2_4_256_babylm_100m.log
hard_2gram,babylm_100m,2-layer,1519386624,154.633,hard_2gram_2_4_256_babylm_100m.log
hard_2gram,babylm_100m,2-layer,1688207360,154.298,hard_2gram_2_4_256_babylm_100m.log
hard_2gram,babylm_10m,2-layer,16777216,1908.509,hard_2gram_2_4_256_babylm_10m.log
hard_2gram,babylm_10m,2-layer,33554432,248.364,hard_2gram_2_4_256_babylm_10m.log
hard_2gram,babylm_10m,2-layer,50331648,208.602,hard_2gram_2_4_256_babylm_10m.log
hard_2gram,babylm_10m,2-layer,67108864,190.863,hard_2gram_2_4_256_babylm_10m.log
hard_2gram,babylm_10m,2-layer,83886080,180.659,hard_2gram_2_4_256_babylm_10m.log
hard_2gram,babylm_10m,2-layer,100663296,174.431,hard_2gram_2_4_256_babylm_10m.log
hard_2gram,babylm_10m,2-layer,117440512,170.456,hard_2gram_2_4_256_babylm_10m.log
hard_2gram,babylm_10m,2-layer,134217728,168.041,hard_2gram_2_4_256_babylm_10m.log
hard_2gram,babylm_10m,2-layer,150994944,166.729,hard_2gram_2_4_256_babylm_10m.log
hard_2gram,babylm_10m,2-layer,167772160,166.208,hard_2gram_2_4_256_babylm_10m.log
hard_2gram,pile,2-layer,167772160,3387.891,hard_2gram_2_4_256_pile.log
hard_2gram,pile,2-layer,335544320,1373.169,hard_2gram_2_4_256_pile.log
hard_2gram,pile,2-layer,503316480,1153.085,hard_2gram_2_4_256_pile.log
hard_2gram,pile,2-layer,671088640,1074.048,hard_2gram_2_4_256_pile.log
hard_2gram,pile,2-layer,838860800,1029.865,hard_2gram_2_4_256_pile.log
hard_2gram,pile,2-layer,1006632960,1011.85,hard_2gram_2_4_256_pile.log
hard_2gram,pile,2-layer,1174405120,995.646,hard_2gram_2_4_256_pile.log
hard_2gram,pile,2-layer,1342177280,982.558,hard_2gram_2_4_256_pile.log
hard_2gram,pile,2-layer,1509949440,979.663,hard_2gram_2_4_256_pile.log
hard_2gram,pile,2-layer,1677721600,977.883,hard_2gram_2_4_256_pile.log
hard_2gram,babylm_100m,4-layer,168820736,327.078,hard_2gram_4_6_384_babylm_100m.log
hard_2gram,babylm_100m,4-layer,337641472,171.533,hard_2gram_4_6_384_babylm_100m.log
hard_2gram,babylm_100m,4-layer,506462208,162.526,hard_2gram_4_6_384_babylm_100m.log
hard_2gram,babylm_100m,4-layer,675282944,158.406,hard_2gram_4_6_384_babylm_100m.log
hard_2gram,babylm_100m,4-layer,844103680,155.782,hard_2gram_4_6_384_babylm_100m.log
hard_2gram,babylm_100m,4-layer,1012924416,153.87,hard_2gram_4_6_384_babylm_100m.log
hard_2gram,babylm_100m,4-layer,1181745152,152.408,hard_2gram_4_6_384_babylm_100m.log
hard_2gram,babylm_100m,4-layer,1350565888,151.297,hard_2gram_4_6_384_babylm_100m.log
hard_2gram,babylm_100m,4-layer,1519386624,150.504,hard_2gram_4_6_384_babylm_100m.log
hard_2gram,babylm_100m,4-layer,1688207360,150.052,hard_2gram_4_6_384_babylm_100m.log
hard_2gram,babylm_10m,4-layer,16777216,971.965,hard_2gram_4_6_384_babylm_10m.log
hard_2gram,babylm_10m,4-layer,33554432,226.825,hard_2gram_4_6_384_babylm_10m.log
hard_2gram,babylm_10m,4-layer,50331648,195.104,hard_2gram_4_6_384_babylm_10m.log
hard_2gram,babylm_10m,4-layer,67108864,180.006,hard_2gram_4_6_384_babylm_10m.log
hard_2gram,babylm_10m,4-layer,83886080,171.046,hard_2gram_4_6_384_babylm_10m.log
hard_2gram,babylm_10m,4-layer,100663296,165.087,hard_2gram_4_6_384_babylm_10m.log
hard_2gram,babylm_10m,4-layer,117440512,161.099,hard_2gram_4_6_384_babylm_10m.log
hard_2gram,babylm_10m,4-layer,134217728,158.514,hard_2gram_4_6_384_babylm_10m.log
hard_2gram,babylm_10m,4-layer,150994944,157.02,hard_2gram_4_6_384_babylm_10m.log
hard_2gram,babylm_10m,4-layer,167772160,156.351,hard_2gram_4_6_384_babylm_10m.log
hard_2gram,pile,4-layer,167772160,2811.262,hard_2gram_4_6_384_pile.log
hard_2gram,pile,4-layer,335544320,1266.604,hard_2gram_4_6_384_pile.log
hard_2gram,pile,4-layer,503316480,1091.615,hard_2gram_4_6_384_pile.log
hard_2gram,pile,4-layer,671088640,1025.382,hard_2gram_4_6_384_pile.log
hard_2gram,pile,4-layer,838860800,986.191,hard_2gram_4_6_384_pile.log
hard_2gram,pile,4-layer,1006632960,970.043,hard_2gram_4_6_384_pile.log
hard_2gram,pile,4-layer,1174405120,954.5,hard_2gram_4_6_384_pile.log
hard_2gram,pile,4-layer,1342177280,941.388,hard_2gram_4_6_384_pile.log
hard_2gram,pile,4-layer,1509949440,938.116,hard_2gram_4_6_384_pile.log
hard_2gram,pile,4-layer,1677721600,936.04,hard_2gram_4_6_384_pile.log
hard_3gram,babylm_100m,2-layer,168820736,359.703,hard_3gram_2_4_256_babylm_100m.log
hard_3gram,babylm_100m,2-layer,337641472,131.196,hard_3gram_2_4_256_babylm_100m.log
hard_3gram,babylm_100m,2-layer,506462208,113.932,hard_3gram_2_4_256_babylm_100m.log
hard_3gram,babylm_100m,2-layer,675282944,106.646,hard_3gram_2_4_256_babylm_100m.log
hard_3gram,babylm_100m,2-layer,844103680,102.566,hard_3gram_2_4_256_babylm_100m.log
hard_3gram,babylm_100m,2-layer,1012924416,99.909,hard_3gram_2_4_256_babylm_100m.log
hard_3gram,babylm_100m,2-layer,1181745152,98.09,hard_3gram_2_4_256_babylm_100m.log
hard_3gram,babylm_100m,2-layer,1350565888,96.826,hard_3gram_2_4_256_babylm_100m.log
hard_3gram,babylm_100m,2-layer,1519386624,96.027,hard_3gram_2_4_256_babylm_100m.log
hard_3gram,babylm_100m,2-layer,1688207360,95.626,hard_3gram_2_4_256_babylm_100m.log
hard_3gram,babylm_10m,2-layer,16777216,1807.818,hard_3gram_2_4_256_babylm_10m.log
hard_3gram,babylm_10m,2-layer,33554432,244.01,hard_3gram_2_4_256_babylm_10m.log
hard_3gram,babylm_10m,2-layer,50331648,187.743,hard_3gram_2_4_256_babylm_10m.log
hard_3gram,babylm_10m,2-layer,67108864,161.168,hard_3gram_2_4_256_babylm_10m.log
hard_3gram,babylm_10m,2-layer,83886080,146.179,hard_3gram_2_4_256_babylm_10m.log
hard_3gram,babylm_10m,2-layer,100663296,137.035,hard_3gram_2_4_256_babylm_10m.log
hard_3gram,babylm_10m,2-layer,117440512,131.31,hard_3gram_2_4_256_babylm_10m.log
hard_3gram,babylm_10m,2-layer,134217728,127.837,hard_3gram_2_4_256_babylm_10m.log
hard_3gram,babylm_10m,2-layer,150994944,126.041,hard_3gram_2_4_256_babylm_10m.log
hard_3gram,babylm_10m,2-layer,167772160,125.368,hard_3gram_2_4_256_babylm_10m.log
hard_3gram,pile,2-layer,167772160,3258.643,hard_3gram_2_4_256_pile.log
hard_3gram,pile,2-layer,335544320,1144.914,hard_3gram_2_4_256_pile.log
hard_3gram,pile,2-layer,503316480,826.042,hard_3gram_2_4_256_pile.log
hard_3gram,pile,2-layer,671088640,706.755,hard_3gram_2_4_256_pile.log
hard_3gram,pile,2-layer,838860800,642.589,hard_3gram_2_4_256_pile.log
hard_3gram,pile,2-layer,1006632960,614.413,hard_3gram_2_4_256_pile.log
hard_3gram,pile,2-layer,1174405120,591.113,hard_3gram_2_4_256_pile.log
hard_3gram,pile,2-layer,1342177280,576.788,hard_3gram_2_4_256_pile.log
hard_3gram,pile,2-layer,1509949440,571.846,hard_3gram_2_4_256_pile.log
hard_3gram,pile,2-layer,1677721600,569.245,hard_3gram_2_4_256_pile.log
hard_3gram,babylm_100m,4-layer,168820736,279.638,hard_3gram_4_6_384_babylm_100m.log
hard_3gram,babylm_100m,4-layer,337641472,111.147,hard_3gram_4_6_384_babylm_100m.log
hard_3gram,babylm_100m,4-layer,506462208,93.661,hard_3gram_4_6_384_babylm_100m.log
hard_3gram,babylm_100m,4-layer,675282944,86.144,hard_3gram_4_6_384_babylm_100m.log
hard_3gram,babylm_100m,4-layer,844103680,81.79,hard_3gram_4_6_384_babylm_100m.log
hard_3gram,babylm_100m,4-layer,1012924416,78.84,hard_3gram_4_6_384_babylm_100m.log
hard_3gram,babylm_100m,4-layer,1181745152,76.689,hard_3gram_4_6_384_babylm_100m.log
hard_3gram,babylm_100m,4-layer,1350565888,75.112,hard_3gram_4_6_384_babylm_100m.log
hard_3gram,babylm_100m,4-layer,1519386624,74.039,hard_3gram_4_6_384_babylm_100m.log
hard_3gram,babylm_100m,4-layer,1688207360,73.466,hard_3gram_4_6_384_babylm_100m.log
hard_3gram,babylm_10m,4-layer,16777216,949.362,hard_3gram_4_6_384_babylm_10m.log
hard_3gram,babylm_10m,4-layer,33554432,207.434,hard_3gram_4_6_384_babylm_10m.log
hard_3gram,babylm_10m,4-layer,50331648,160.196,hard_3gram_4_6_384_babylm_10m.log
hard_3gram,babylm_10m,4-layer,67108864,136.675,hard_3gram_4_6_384_babylm_10m.log
hard_3gram,babylm_10m,4-layer,83886080,122.776,hard_3gram_4_6_384_babylm_10m.log
hard_3gram,babylm_10m,4-layer,100663296,113.55,hard_3gram_4_6_384_babylm_10m.log
hard_3gram,babylm_10m,4-layer,117440512,107.482,hard_3gram_4_6_384_babylm_10m.log
hard_3gram,babylm_10m,4-layer,134217728,103.753,hard_3gram_4_6_384_babylm_10m.log
hard_3gram,babylm_10m,4-layer,150994944,101.689,hard_3gram_4_6_384_babylm_10m.log
hard_3gram,babylm_10m,4-layer,167772160,100.867,hard_3gram_4_6_384_babylm_10m.log
hard_3gram,pile,4-layer,167772160,2717.324,hard_3gram_4_6_384_pile.log
hard_3gram,pile,4-layer,335544320,946.288,hard_3gram_4_6_384_pile.log
hard_3gram,pile,4-layer,503316480,664.894,hard_3gram_4_6_384_pile.log
hard_3gram,pile,4-layer,671088640,555.325,hard_3gram_4_6_384_pile.log
hard_3gram,pile,4-layer,838860800,495.62,hard_3gram_4_6_384_pile.log
hard_3gram,pile,4-layer,1006632960,468.268,hard_3gram_4_6_384_pile.log
hard_3gram,pile,4-layer,1174405120,445.701,hard_3gram_4_6_384_pile.log
hard_3gram,pile,4-layer,1342177280,431.847,hard_3gram_4_6_384_pile.log
hard_3gram,pile,4-layer,1509949440,426.182,hard_3gram_4_6_384_pile.log
hard_3gram,pile,4-layer,1677721600,423.443,hard_3gram_4_6_384_pile.log
hard_5gram,babylm_100m,2-layer,168820736,341.693,hard_5gram_2_4_256_babylm_100m.log
hard_5gram,babylm_100m,2-layer,337641472,118.137,hard_5gram_2_4_256_babylm_100m.log
hard_5gram,babylm_100m,2-layer,506462208,98.805,hard_5gram_2_4_256_babylm_100m.log
hard_5gram,babylm_100m,2-layer,675282944,90.718,hard_5gram_2_4_256_babylm_100m.log
hard_5gram,babylm_100m,2-layer,844103680,86.285,hard_5gram_2_4_256_babylm_100m.log
hard_5gram,babylm_100m,2-layer,1012924416,83.499,hard_5gram_2_4_256_babylm_100m.log
hard_5gram,babylm_100m,2-layer,1181745152,81.642,hard_5gram_2_4_256_babylm_100m.log
hard_5gram,babylm_100m,2-layer,1350565888,80.403,hard_5gram_2_4_256_babylm_100m.log
hard_5gram,babylm_100m,2-layer,1519386624,79.638,hard_5gram_2_4_256_babylm_100m.log
hard_5gram,babylm_100m,2-layer,1688207360,79.267,hard_5gram_2_4_256_babylm_100m.log
hard_5gram,babylm_10m,2-layer,16777216,1783.183,hard_5gram_2_4_256_babylm_10m.log
hard_5gram,babylm_10m,2-layer,33554432,229.523,hard_5gram_2_4_256_babylm_10m.log
hard_5gram,babylm_10m,2-layer,50331648,176.377,hard_5gram_2_4_256_babylm_10m.log
hard_5gram,babylm_10m,2-layer,67108864,150.909,hard_5gram_2_4_256_babylm_10m.log
hard_5gram,babylm_10m,2-layer,83886080,135.881,hard_5gram_2_4_256_babylm_10m.log
hard_5gram,babylm_10m,2-layer,100663296,126.223,hard_5gram_2_4_256_babylm_10m.log
hard_5gram,babylm_10m,2-layer,117440512,120.057,hard_5gram_2_4_256_babylm_10m.log
hard_5gram,babylm_10m,2-layer,134217728,116.363,hard_5gram_2_4_256_babylm_10m.log
hard_5gram,babylm_10m,2-layer,150994944,114.465,hard_5gram_2_4_256_babylm_10m.log
hard_5gram,babylm_10m,2-layer,167772160,113.764,hard_5gram_2_4_256_babylm_10m.log
hard_5gram,pile,2-layer,167772160,3189.156,hard_5gram_2_4_256_pile.log
hard_5gram,pile,2-layer,335544320,1079.489,hard_5gram_2_4_256_pile.log
hard_5gram,pile,2-layer,503316480,750.023,hard_5gram_2_4_256_pile.log
hard_5gram,pile,2-layer,671088640,620.499,hard_5gram_2_4_256_pile.log
hard_5gram,pile,2-layer,838860800,551.788,hard_5gram_2_4_256_pile.log
hard_5gram,pile,2-layer,1006632960,520.014,hard_5gram_2_4_256_pile.log
hard_5gram,pile,2-layer,1174405120,495.629,hard_5gram_2_4_256_pile.log
hard_5gram,pile,2-layer,1342177280,481.299,hard_5gram_2_4_256_pile.log
hard_5gram,pile,2-layer,1509949440,476.056,hard_5gram_2_4_256_pile.log
hard_5gram,pile,2-layer,1677721600,473.692,hard_5gram_2_4_256_pile.log
hard_5gram,babylm_100m,4-layer,168820736,265.416,hard_5gram_4_6_384_babylm_100m.log
hard_5gram,babylm_100m,4-layer,337641472,97.48,hard_5gram_4_6_384_babylm_100m.log
hard_5gram,babylm_100m,4-layer,506462208,78.499,hard_5gram_4_6_384_babylm_100m.log
hard_5gram,babylm_100m,4-layer,675282944,70.137,hard_5gram_4_6_384_babylm_100m.log
hard_5gram,babylm_100m,4-layer,844103680,65.485,hard_5gram_4_6_384_babylm_100m.log
hard_5gram,babylm_100m,4-layer,1012924416,62.496,hard_5gram_4_6_384_babylm_100m.log
hard_5gram,babylm_100m,4-layer,1181745152,60.424,hard_5gram_4_6_384_babylm_100m.log
hard_5gram,babylm_100m,4-layer,1350565888,58.983,hard_5gram_4_6_384_babylm_100m.log
hard_5gram,babylm_100m,4-layer,1519386624,58.046,hard_5gram_4_6_384_babylm_100m.log
hard_5gram,babylm_100m,4-layer,1688207360,57.565,hard_5gram_4_6_384_babylm_100m.log
hard_5gram,babylm_10m,4-layer,16777216,997.253,hard_5gram_4_6_384_babylm_10m.log
hard_5gram,babylm_10m,4-layer,33554432,205.001,hard_5gram_4_6_384_babylm_10m.log
hard_5gram,babylm_10m,4-layer,50331648,157.646,hard_5gram_4_6_384_babylm_10m.log
hard_5gram,babylm_10m,4-layer,67108864,132.241,hard_5gram_4_6_384_babylm_10m.log
hard_5gram,babylm_10m,4-layer,83886080,116.649,hard_5gram_4_6_384_babylm_10m.log
hard_5gram,babylm_10m,4-layer,100663296,106.422,hard_5gram_4_6_384_babylm_10m.log
hard_5gram,babylm_10m,4-layer,117440512,99.674,hard_5gram_4_6_384_babylm_10m.log
hard_5gram,babylm_10m,4-layer,134217728,95.603,hard_5gram_4_6_384_babylm_10m.log
hard_5gram,babylm_10m,4-layer,150994944,93.415,hard_5gram_4_6_384_babylm_10m.log
hard_5gram,babylm_10m,4-layer,167772160,92.585,hard_5gram_4_6_384_babylm_10m.log
hard_5gram,pile,4-layer,167772160,2655.103,hard_5gram_4_6_384_pile.log
hard_5gram,pile,4-layer,335544320,893.056,hard_5gram_4_6_384_pile.log
hard_5gram,pile,4-layer,503316480,609.813,hard_5gram_4_6_384_pile.log
hard_5gram,pile,4-layer,671088640,493.375,hard_5gram_4_6_384_pile.log
hard_5gram,pile,4-layer,838860800,430.46,hard_5gram_4_6_384_pile.log
hard_5gram,pile,4-layer,1006632960,400.039,hard_5gram_4_6_384_pile.log
hard_5gram,pile,4-layer,1174405120,376.722,hard_5gram_4_6_384_pile.log
hard_5gram,pile,4-layer,1342177280,363.182,hard_5gram_4_6_384_pile.log
hard_5gram,pile,4-layer,1509949440,357.392,hard_5gram_4_6_384_pile.log
hard_5gram,pile,4-layer,1677721600,354.718,hard_5gram_4_6_384_pile.log
stickbreaking,babylm_100m,2-layer,168820736,171.147,stickbreaking_2_4_256_babylm_100m.log
stickbreaking,babylm_100m,2-layer,337641472,32.482,stickbreaking_2_4_256_babylm_100m.log
stickbreaking,babylm_100m,2-layer,506462208,23.759,stickbreaking_2_4_256_babylm_100m.log
stickbreaking,babylm_100m,2-layer,675282944,20.582,stickbreaking_2_4_256_babylm_100m.log
stickbreaking,babylm_100m,2-layer,844103680,18.875,stickbreaking_2_4_256_babylm_100m.log
stickbreaking,babylm_100m,2-layer,1012924416,17.791,stickbreaking_2_4_256_babylm_100m.log
stickbreaking,babylm_100m,2-layer,1181745152,17.058,stickbreaking_2_4_256_babylm_100m.log
stickbreaking,babylm_100m,2-layer,1350565888,16.581,stickbreaking_2_4_256_babylm_100m.log
stickbreaking,babylm_100m,2-layer,1519386624,16.303,stickbreaking_2_4_256_babylm_100m.log
stickbreaking,babylm_100m,2-layer,1688207360,16.176,stickbreaking_2_4_256_babylm_100m.log
stickbreaking,babylm_10m,2-layer,16777216,1536.93,stickbreaking_2_4_256_babylm_10m.log
stickbreaking,babylm_10m,2-layer,33554432,137.331,stickbreaking_2_4_256_babylm_10m.log
stickbreaking,babylm_10m,2-layer,50331648,74.222,stickbreaking_2_4_256_babylm_10m.log
stickbreaking,babylm_10m,2-layer,67108864,54.311,stickbreaking_2_4_256_babylm_10m.log
stickbreaking,babylm_10m,2-layer,83886080,44.388,stickbreaking_2_4_256_babylm_10m.log
stickbreaking,babylm_10m,2-layer,100663296,38.643,stickbreaking_2_4_256_babylm_10m.log
stickbreaking,babylm_10m,2-layer,117440512,35.305,stickbreaking_2_4_256_babylm_10m.log
stickbreaking,babylm_10m,2-layer,134217728,33.415,stickbreaking_2_4_256_babylm_10m.log
stickbreaking,babylm_10m,2-layer,150994944,32.481,stickbreaking_2_4_256_babylm_10m.log
stickbreaking,babylm_10m,2-layer,167772160,32.15,stickbreaking_2_4_256_babylm_10m.log
stickbreaking,pile,2-layer,167772160,2396.654,stickbreaking_2_4_256_pile.log
stickbreaking,pile,2-layer,335544320,416.969,stickbreaking_2_4_256_pile.log
stickbreaking,pile,2-layer,503316480,228.502,stickbreaking_2_4_256_pile.log
stickbreaking,pile,2-layer,671088640,164.873,stickbreaking_2_4_256_pile.log
stickbreaking,pile,2-layer,838860800,132.345,stickbreaking_2_4_256_pile.log
stickbreaking,pile,2-layer,1006632960,115.496,stickbreaking_2_4_256_pile.log
stickbreaking,pile,2-layer,1174405120,104.386,stickbreaking_2_4_256_pile.log
stickbreaking,pile,2-layer,1342177280,98.034,stickbreaking_2_4_256_pile.log
stickbreaking,pile,2-layer,1509949440,94.818,stickbreaking_2_4_256_pile.log
stickbreaking,pile,2-layer,1677721600,93.622,stickbreaking_2_4_256_pile.log
stickbreaking,babylm_100m,4-layer,168820736,130.093,stickbreaking_4_6_384_babylm_100m.log
stickbreaking,babylm_100m,4-layer,337641472,29.815,stickbreaking_4_6_384_babylm_100m.log
stickbreaking,babylm_100m,4-layer,506462208,21.13,stickbreaking_4_6_384_babylm_100m.log
stickbreaking,babylm_100m,4-layer,675282944,17.537,stickbreaking_4_6_384_babylm_100m.log
stickbreaking,babylm_100m,4-layer,844103680,15.465,stickbreaking_4_6_384_babylm_100m.log
stickbreaking,babylm_100m,4-layer,1012924416,14.299,stickbreaking_4_6_384_babylm_100m.log
stickbreaking,babylm_100m,4-layer,1181745152,13.591,stickbreaking_4_6_384_babylm_100m.log
stickbreaking,babylm_100m,4-layer,1350565888,13.133,stickbreaking_4_6_384_babylm_100m.log
stickbreaking,babylm_100m,4-layer,1519386624,12.852,stickbreaking_4_6_384_babylm_100m.log
stickbreaking,babylm_100m,4-layer,1688207360,12.712,stickbreaking_4_6_384_babylm_100m.log
stickbreaking,babylm_10m,4-layer,16777216,793.466,stickbreaking_4_6_384_babylm_10m.log
stickbreaking,babylm_10m,4-layer,33554432,116.017,stickbreaking_4_6_384_babylm_10m.log
stickbreaking,babylm_10m,4-layer,50331648,66.31,stickbreaking_4_6_384_babylm_10m.log
stickbreaking,babylm_10m,4-layer,67108864,49.344,stickbreaking_4_6_384_babylm_10m.log
stickbreaking,babylm_10m,4-layer,83886080,40.622,stickbreaking_4_6_384_babylm_10m.log
stickbreaking,babylm_10m,4-layer,100663296,35.419,stickbreaking_4_6_384_babylm_10m.log
stickbreaking,babylm_10m,4-layer,117440512,32.202,stickbreaking_4_6_384_babylm_10m.log
stickbreaking,babylm_10m,4-layer,134217728,30.311,stickbreaking_4_6_384_babylm_10m.log
stickbreaking,babylm_10m,4-layer,150994944,29.308,stickbreaking_4_6_384_babylm_10m.log
stickbreaking,babylm_10m,4-layer,167772160,28.932,stickbreaking_4_6_384_babylm_10m.log
stickbreaking,pile,4-layer,167772160,1910.909,stickbreaking_4_6_384_pile.log
stickbreaking,pile,4-layer,335544320,347.029,stickbreaking_4_6_384_pile.log
stickbreaking,pile,4-layer,503316480,189.23,stickbreaking_4_6_384_pile.log
stickbreaking,pile,4-layer,671088640,135.337,stickbreaking_4_6_384_pile.log
stickbreaking,pile,4-layer,838860800,107.288,stickbreaking_4_6_384_pile.log
stickbreaking,pile,4-layer,1006632960,89.999,stickbreaking_4_6_384_pile.log
stickbreaking,pile,4-layer,1174405120,75.682,stickbreaking_4_6_384_pile.log
stickbreaking,pile,4-layer,1342177280,66.57,stickbreaking_4_6_384_pile.log
stickbreaking,pile,4-layer,1509949440,62.122,stickbreaking_4_6_384_pile.log
stickbreaking,pile,4-layer,1677721600,60.641,stickbreaking_4_6_384_pile.log
transformer,babylm_100m,2-layer,168820736,140.282,transformer_2_4_256_babylm_100m.log
transformer,babylm_100m,2-layer,337641472,29.085,transformer_2_4_256_babylm_100m.log
transformer,babylm_100m,2-layer,506462208,23.098,transformer_2_4_256_babylm_100m.log
transformer,babylm_100m,2-layer,675282944,20.751,transformer_2_4_256_babylm_100m.log
transformer,babylm_100m,2-layer,844103680,19.42,transformer_2_4_256_babylm_100m.log
transformer,babylm_100m,2-layer,1012924416,18.559,transformer_2_4_256_babylm_100m.log
transformer,babylm_100m,2-layer,1181745152,17.97,transformer_2_4_256_babylm_100m.log
transformer,babylm_100m,2-layer,1350565888,17.572,transformer_2_4_256_babylm_100m.log
transformer,babylm_100m,2-layer,1519386624,17.325,transformer_2_4_256_babylm_100m.log
transformer,babylm_100m,2-layer,1688207360,17.204,transformer_2_4_256_babylm_100m.log
transformer,babylm_10m,2-layer,16777216,1465.145,transformer_2_4_256_babylm_10m.log
transformer,babylm_10m,2-layer,33554432,110.164,transformer_2_4_256_babylm_10m.log
transformer,babylm_10m,2-layer,50331648,60.101,transformer_2_4_256_babylm_10m.log
transformer,babylm_10m,2-layer,67108864,44.858,transformer_2_4_256_babylm_10m.log
transformer,babylm_10m,2-layer,83886080,37.385,transformer_2_4_256_babylm_10m.log
transformer,babylm_10m,2-layer,100663296,33.297,transformer_2_4_256_babylm_10m.log
transformer,babylm_10m,2-layer,117440512,30.909,transformer_2_4_256_babylm_10m.log
transformer,babylm_10m,2-layer,134217728,29.513,transformer_2_4_256_babylm_10m.log
transformer,babylm_10m,2-layer,150994944,28.804,transformer_2_4_256_babylm_10m.log
transformer,babylm_10m,2-layer,167772160,28.545,transformer_2_4_256_babylm_10m.log
transformer,pile,2-layer,167772160,2132.962,transformer_2_4_256_pile.log
transformer,pile,2-layer,335544320,371.529,transformer_2_4_256_pile.log
transformer,pile,2-layer,503316480,200.997,transformer_2_4_256_pile.log
transformer,pile,2-layer,671088640,145.024,transformer_2_4_256_pile.log
transformer,pile,2-layer,838860800,119.178,transformer_2_4_256_pile.log
transformer,pile,2-layer,1006632960,106.999,transformer_2_4_256_pile.log
transformer,pile,2-layer,1174405120,98.95,transformer_2_4_256_pile.log
transformer,pile,2-layer,1342177280,94.625,transformer_2_4_256_pile.log
transformer,pile,2-layer,1509949440,92.599,transformer_2_4_256_pile.log
transformer,pile,2-layer,1677721600,91.794,transformer_2_4_256_pile.log
transformer,babylm_100m,4-layer,168820736,120.257,transformer_4_6_384_babylm_100m.log
transformer,babylm_100m,4-layer,337641472,27.613,transformer_4_6_384_babylm_100m.log
transformer,babylm_100m,4-layer,506462208,19.59,transformer_4_6_384_babylm_100m.log
transformer,babylm_100m,4-layer,675282944,16.479,transformer_4_6_384_babylm_100m.log
transformer,babylm_100m,4-layer,844103680,15.034,transformer_4_6_384_babylm_100m.log
transformer,babylm_100m,4-layer,1012924416,14.184,transformer_4_6_384_babylm_100m.log
transformer,babylm_100m,4-layer,1181745152,13.623,transformer_4_6_384_babylm_100m.log
transformer,babylm_100m,4-layer,1350565888,13.241,transformer_4_6_384_babylm_100m.log
transformer,babylm_100m,4-layer,1519386624,12.998,transformer_4_6_384_babylm_100m.log
transformer,babylm_100m,4-layer,1688207360,12.873,transformer_4_6_384_babylm_100m.log
transformer,babylm_10m,4-layer,16777216,926.876,transformer_4_6_384_babylm_10m.log
transformer,babylm_10m,4-layer,33554432,110.562,transformer_4_6_384_babylm_10m.log
transformer,babylm_10m,4-layer,50331648,66.984,transformer_4_6_384_babylm_10m.log
transformer,babylm_10m,4-layer,67108864,51.288,transformer_4_6_384_babylm_10m.log
transformer,babylm_10m,4-layer,83886080,42.322,transformer_4_6_384_babylm_10m.log
transformer,babylm_10m,4-layer,100663296,37.026,transformer_4_6_384_babylm_10m.log
transformer,babylm_10m,4-layer,117440512,33.854,transformer_4_6_384_babylm_10m.log
transformer,babylm_10m,4-layer,134217728,31.974,transformer_4_6_384_babylm_10m.log
transformer,babylm_10m,4-layer,150994944,30.993,transformer_4_6_384_babylm_10m.log
transformer,babylm_10m,4-layer,167772160,30.626,transformer_4_6_384_babylm_10m.log
transformer,pile,4-layer,167772160,1676.767,transformer_4_6_384_pile.log
transformer,pile,4-layer,335544320,327.827,transformer_4_6_384_pile.log
transformer,pile,4-layer,503316480,183.766,transformer_4_6_384_pile.log
transformer,pile,4-layer,671088640,124.399,transformer_4_6_384_pile.log
transformer,pile,4-layer,838860800,85.202,transformer_4_6_384_pile.log
transformer,pile,4-layer,1006632960,65.641,transformer_4_6_384_pile.log
transformer,pile,4-layer,1174405120,56.25,transformer_4_6_384_pile.log
transformer,pile,4-layer,1342177280,51.734,transformer_4_6_384_pile.log
transformer,pile,4-layer,1509949440,49.731,transformer_4_6_384_pile.log
transformer,pile,4-layer,1677721600,49.057,transformer_4_6_384_pile.log
